/home/daniel/workspace/Project/Images/Pics/Training2/1.Daniel/2016-07-27-140230.jpg,1,Daniel
/home/daniel/workspace/Project/Images/Pics/Training2/1.Daniel/2016-09-30-204821.jpg,1,Daniel
/home/daniel/workspace/Project/Images/Pics/Training2/1.Daniel/2016-09-30-204828.jpg,1,Daniel
/home/daniel/workspace/Project/Images/Pics/Training2/1.Daniel/2016-10-03-174117 (1).jpg,1,Daniel
/home/daniel/workspace/Project/Images/Pics/Training2/1.Daniel/2016-10-03-174117.jpg,1,Daniel
/home/daniel/workspace/Project/Images/Pics/Training2/1.Daniel/2016-10-03-174118.jpg,1,Daniel
/home/daniel/workspace/Project/Images/Pics/Training2/1.Daniel/2016-10-03-174119.jpg,1,Daniel
/home/daniel/workspace/Project/Images/Pics/Training2/1.Daniel/2016-10-03-174120 (1).jpg,1,Daniel
/home/daniel/workspace/Project/Images/Pics/Training2/1.Daniel/2016-10-03-174120.jpg,1,Daniel
/home/daniel/workspace/Project/Images/Pics/Training2/1.Daniel/2016-10-03-174121 (1).jpg,1,Daniel
/home/daniel/workspace/Project/Images/Pics/Training2/1.Daniel/2016-10-03-174121 (2).jpg,1,Daniel
/home/daniel/workspace/Project/Images/Pics/Training2/1.Daniel/2016-10-03-174121.jpg,1,Daniel
/home/daniel/workspace/Project/Images/Pics/Training2/1.Daniel/2016-10-03-174122 (1).jpg,1,Daniel
/home/daniel/workspace/Project/Images/Pics/Training2/1.Daniel/2016-10-03-174122.jpg,1,Daniel
/home/daniel/workspace/Project/Images/Pics/Training2/1.Daniel/2016-10-03-174123 (1).jpg,1,Daniel
/home/daniel/workspace/Project/Images/Pics/Training2/1.Daniel/2016-10-03-174123 (2).jpg,1,Daniel
/home/daniel/workspace/Project/Images/Pics/Training2/1.Daniel/2016-10-03-174123.jpg,1,Daniel
/home/daniel/workspace/Project/Images/Pics/Training2/1.Daniel/2016-10-03-174124 (1).jpg,1,Daniel
/home/daniel/workspace/Project/Images/Pics/Training2/1.Daniel/2016-10-03-174124.jpg,1,Daniel
/home/daniel/workspace/Project/Images/Pics/Training2/1.Daniel/2016-10-03-174125 (1).jpg,1,Daniel
/home/daniel/workspace/Project/Images/Pics/Training2/1.Daniel/2016-10-03-174125 (2).jpg,1,Daniel
/home/daniel/workspace/Project/Images/Pics/Training2/1.Daniel/2016-10-03-174125.jpg,1,Daniel
/home/daniel/workspace/Project/Images/Pics/Training2/1.Daniel/2016-10-03-174126 (1).jpg,1,Daniel
/home/daniel/workspace/Project/Images/Pics/Training2/1.Daniel/2016-10-03-174126 (2).jpg,1,Daniel
/home/daniel/workspace/Project/Images/Pics/Training2/1.Daniel/2016-10-03-174126.jpg,1,Daniel
/home/daniel/workspace/Project/Images/Pics/Training2/1.Daniel/2016-10-03-174127 (1).jpg,1,Daniel
/home/daniel/workspace/Project/Images/Pics/Training2/1.Daniel/2016-10-03-174127.jpg,1,Daniel
/home/daniel/workspace/Project/Images/Pics/Training2/1.Daniel/2016-10-03-180624.jpg,1,Daniel
/home/daniel/workspace/Project/Images/Pics/Training2/1.Daniel/2016-10-03-180625.jpg,1,Daniel
/home/daniel/workspace/Project/Images/Pics/Training2/1.Daniel/2016-10-03-180627.jpg,1,Daniel
/home/daniel/workspace/Project/Images/Pics/Training2/1.Daniel/2016-10-03-180628.jpg,1,Daniel
/home/daniel/workspace/Project/Images/Pics/Training2/1.Daniel/2016-10-03-180629.jpg,1,Daniel
/home/daniel/workspace/Project/Images/Pics/Training2/1.Daniel/2016-10-03-180632.jpg,1,Daniel
/home/daniel/workspace/Project/Images/Pics/Training2/1.Daniel/2016-10-03-180633.jpg,1,Daniel
/home/daniel/workspace/Project/Images/Pics/Training2/1.Daniel/2016-10-03-180635.jpg,1,Daniel
/home/daniel/workspace/Project/Images/Pics/Training2/1.Daniel/2016-10-03-180647.jpg,1,Daniel
/home/daniel/workspace/Project/Images/Pics/Training2/1.Daniel/2016-10-03-180700 (1).jpg,1,Daniel
/home/daniel/workspace/Project/Images/Pics/Training2/1.Daniel/2016-10-03-180700.jpg,1,Daniel
/home/daniel/workspace/Project/Images/Pics/Training2/1.Daniel/2016-10-03-180701 (1).jpg,1,Daniel
/home/daniel/workspace/Project/Images/Pics/Training2/1.Daniel/2016-10-03-180701 (2).jpg,1,Daniel
/home/daniel/workspace/Project/Images/Pics/Training2/1.Daniel/2016-10-03-180701 (3).jpg,1,Daniel
/home/daniel/workspace/Project/Images/Pics/Training2/1.Daniel/2016-10-03-180701 (4).jpg,1,Daniel
/home/daniel/workspace/Project/Images/Pics/Training2/1.Daniel/2016-10-03-180701.jpg,1,Daniel
/home/daniel/workspace/Project/Images/Pics/Training2/1.Daniel/2016-10-03-180702 (1).jpg,1,Daniel
/home/daniel/workspace/Project/Images/Pics/Training2/1.Daniel/2016-10-03-180702 (2).jpg,1,Daniel
/home/daniel/workspace/Project/Images/Pics/Training2/1.Daniel/2016-10-03-180702 (3).jpg,1,Daniel
/home/daniel/workspace/Project/Images/Pics/Training2/1.Daniel/2016-10-03-180702.jpg,1,Daniel
/home/daniel/workspace/Project/Images/Pics/Training2/1.Daniel/2016-10-03-180703.jpg,1,Daniel
/home/daniel/workspace/Project/Images/Pics/Training2/1.Daniel/2016-10-03-180705.jpg,1,Daniel
/home/daniel/workspace/Project/Images/Pics/Training2/1.Daniel/2016-10-03-180709 (1).jpg,1,Daniel
/home/daniel/workspace/Project/Images/Pics/Training2/1.Daniel/2016-10-03-180709.jpg,1,Daniel
/home/daniel/workspace/Project/Images/Pics/Training2/1.Daniel/2016-10-03-180711.jpg,1,Daniel
/home/daniel/workspace/Project/Images/Pics/Training2/1.Daniel/2016-10-14-114733.jpg,1,Daniel
/home/daniel/workspace/Project/Images/Pics/Training2/1.Daniel/2016-10-14-114734 (1).jpg,1,Daniel
/home/daniel/workspace/Project/Images/Pics/Training2/1.Daniel/2016-10-14-114734 (2).jpg,1,Daniel
/home/daniel/workspace/Project/Images/Pics/Training2/1.Daniel/2016-10-14-114734 (3).jpg,1,Daniel
/home/daniel/workspace/Project/Images/Pics/Training2/1.Daniel/2016-10-14-114734 (4).jpg,1,Daniel
/home/daniel/workspace/Project/Images/Pics/Training2/1.Daniel/2016-10-14-114734 (5).jpg,1,Daniel
/home/daniel/workspace/Project/Images/Pics/Training2/1.Daniel/2016-10-14-114734.jpg,1,Daniel
/home/daniel/workspace/Project/Images/Pics/Training2/1.Daniel/2016-10-14-114750 (1).jpg,1,Daniel
/home/daniel/workspace/Project/Images/Pics/Training2/1.Daniel/2016-10-14-114750.jpg,1,Daniel
/home/daniel/workspace/Project/Images/Pics/Training2/1.Daniel/2016-10-14-114751 (1).jpg,1,Daniel
/home/daniel/workspace/Project/Images/Pics/Training2/1.Daniel/2016-10-14-114751 (2).jpg,1,Daniel
/home/daniel/workspace/Project/Images/Pics/Training2/1.Daniel/2016-10-14-114751 (3).jpg,1,Daniel
/home/daniel/workspace/Project/Images/Pics/Training2/1.Daniel/2016-10-14-114751.jpg,1,Daniel
/home/daniel/workspace/Project/Images/Pics/Training2/1.Daniel/2016-10-14-114752 (1).jpg,1,Daniel
/home/daniel/workspace/Project/Images/Pics/Training2/1.Daniel/2016-10-14-114752 (2).jpg,1,Daniel
/home/daniel/workspace/Project/Images/Pics/Training2/1.Daniel/2016-10-14-114752 (3).jpg,1,Daniel
/home/daniel/workspace/Project/Images/Pics/Training2/1.Daniel/2016-10-14-114752 (4).jpg,1,Daniel
/home/daniel/workspace/Project/Images/Pics/Training2/1.Daniel/2016-10-14-114752.jpg,1,Daniel
/home/daniel/workspace/Project/Images/Pics/Training2/1.Daniel/2016-10-14-114753 (1).jpg,1,Daniel
/home/daniel/workspace/Project/Images/Pics/Training2/1.Daniel/2016-10-14-114753 (2).jpg,1,Daniel
/home/daniel/workspace/Project/Images/Pics/Training2/1.Daniel/2016-10-14-114753.jpg,1,Daniel
/home/daniel/workspace/Project/Images/Pics/Training2/1.Daniel/2016-10-14-114754 (1).jpg,1,Daniel
/home/daniel/workspace/Project/Images/Pics/Training2/1.Daniel/2016-10-14-114754 (2).jpg,1,Daniel
/home/daniel/workspace/Project/Images/Pics/Training2/1.Daniel/2016-10-14-114754 (3).jpg,1,Daniel
/home/daniel/workspace/Project/Images/Pics/Training2/1.Daniel/2016-10-14-114754.jpg,1,Daniel
/home/daniel/workspace/Project/Images/Pics/Training2/1.Daniel/2016-10-14-114755 (1).jpg,1,Daniel
/home/daniel/workspace/Project/Images/Pics/Training2/1.Daniel/2016-10-14-114755 (2).jpg,1,Daniel
/home/daniel/workspace/Project/Images/Pics/Training2/1.Daniel/2016-10-14-114755 (3).jpg,1,Daniel
/home/daniel/workspace/Project/Images/Pics/Training2/1.Daniel/2016-10-14-114755.jpg,1,Daniel
/home/daniel/workspace/Project/Images/Pics/Training2/1.Daniel/2016-10-14-114756 (1).jpg,1,Daniel
/home/daniel/workspace/Project/Images/Pics/Training2/1.Daniel/2016-10-14-114756 (2).jpg,1,Daniel
/home/daniel/workspace/Project/Images/Pics/Training2/1.Daniel/2016-10-14-114756 (3).jpg,1,Daniel
/home/daniel/workspace/Project/Images/Pics/Training2/1.Daniel/2016-10-14-114756.jpg,1,Daniel
/home/daniel/workspace/Project/Images/Pics/Training2/1.Daniel/2016-10-14-114757 (1).jpg,1,Daniel
/home/daniel/workspace/Project/Images/Pics/Training2/1.Daniel/2016-10-14-114757 (2).jpg,1,Daniel
/home/daniel/workspace/Project/Images/Pics/Training2/1.Daniel/2016-10-14-114757 (3).jpg,1,Daniel
/home/daniel/workspace/Project/Images/Pics/Training2/1.Daniel/2016-10-14-114757.jpg,1,Daniel
/home/daniel/workspace/Project/Images/Pics/Training2/1.Daniel/2016-10-14-114758 (1).jpg,1,Daniel
/home/daniel/workspace/Project/Images/Pics/Training2/1.Daniel/2016-10-14-114758 (2).jpg,1,Daniel
/home/daniel/workspace/Project/Images/Pics/Training2/1.Daniel/2016-10-14-114758 (3).jpg,1,Daniel
/home/daniel/workspace/Project/Images/Pics/Training2/1.Daniel/2016-10-14-114758 (4).jpg,1,Daniel
/home/daniel/workspace/Project/Images/Pics/Training2/1.Daniel/2016-10-14-114758.jpg,1,Daniel
/home/daniel/workspace/Project/Images/Pics/Training2/1.Daniel/2016-10-14-114759 (1).jpg,1,Daniel
/home/daniel/workspace/Project/Images/Pics/Training2/1.Daniel/2016-10-14-114759 (2).jpg,1,Daniel
/home/daniel/workspace/Project/Images/Pics/Training2/1.Daniel/2016-10-14-114759 (3).jpg,1,Daniel
/home/daniel/workspace/Project/Images/Pics/Training2/1.Daniel/2016-10-14-114759.jpg,1,Daniel
/home/daniel/workspace/Project/Images/Pics/Training2/1.Daniel/2016-10-14-114800 (1).jpg,1,Daniel
/home/daniel/workspace/Project/Images/Pics/Training2/1.Daniel/2016-10-14-114800 (2).jpg,1,Daniel
/home/daniel/workspace/Project/Images/Pics/Training2/1.Daniel/2016-10-14-114800 (3).jpg,1,Daniel
/home/daniel/workspace/Project/Images/Pics/Training2/1.Daniel/2016-10-14-114800 (4).jpg,1,Daniel
/home/daniel/workspace/Project/Images/Pics/Training2/1.Daniel/2016-10-14-114800.jpg,1,Daniel
/home/daniel/workspace/Project/Images/Pics/Training2/1.Daniel/2016-10-14-114801 (1).jpg,1,Daniel
/home/daniel/workspace/Project/Images/Pics/Training2/1.Daniel/2016-10-14-114801.jpg,1,Daniel
/home/daniel/workspace/Project/Images/Pics/Training2/1.Daniel/2016-10-14-114802 (1).jpg,1,Daniel
/home/daniel/workspace/Project/Images/Pics/Training2/1.Daniel/2016-10-14-114802 (2).jpg,1,Daniel
/home/daniel/workspace/Project/Images/Pics/Training2/1.Daniel/2016-10-14-114802.jpg,1,Daniel
/home/daniel/workspace/Project/Images/Pics/Training2/1.Daniel/beard.jpg,1,Daniel
/home/daniel/workspace/Project/Images/Pics/Training2/1.Daniel/belgium.jpg,1,Daniel
/home/daniel/workspace/Project/Images/Pics/Training2/1.Daniel/colonia.jpg,1,Daniel
/home/daniel/workspace/Project/Images/Pics/Training2/1.Daniel/front.jpg,1,Daniel
/home/daniel/workspace/Project/Images/Pics/Training2/1.Daniel/jesus.jpg,1,Daniel
/home/daniel/workspace/Project/Images/Pics/Training2/1.Daniel/kawaii.jpg,1,Daniel
/home/daniel/workspace/Project/Images/Pics/Training2/1.Daniel/no beard.jpg,1,Daniel
/home/daniel/workspace/Project/Images/Pics/Training2/1.Daniel/profile.jpg,1,Daniel
/home/daniel/workspace/Project/Images/Pics/Training2/2.Felicia/Felicia1.jpg,2,Felicia
/home/daniel/workspace/Project/Images/Pics/Training2/2.Felicia/Felicia2.jpg,2,Felicia
/home/daniel/workspace/Project/Images/Pics/Training2/2.Felicia/Felicia3.jpg,2,Felicia
/home/daniel/workspace/Project/Images/Pics/Training2/2.Felicia/Felicia4.jpg,2,Felicia
/home/daniel/workspace/Project/Images/Pics/Training2/2.Felicia/Felicia5.jpg,2,Felicia
/home/daniel/workspace/Project/Images/Pics/Training2/3.Haruka/haruka1.jpg,3,Haruka
/home/daniel/workspace/Project/Images/Pics/Training2/3.Haruka/haruka2.jpg,3,Haruka
/home/daniel/workspace/Project/Images/Pics/Training2/3.Haruka/haruka3.jpg,3,Haruka
/home/daniel/workspace/Project/Images/Pics/Training2/4.Pao/pao1.jpg,4,Pao
/home/daniel/workspace/Project/Images/Pics/Training2/4.Pao/pao2.jpg,4,Pao
